wavelength,absorbance,absorbance_bk,residual_3gauss,Gauss_1,Gauss_2,Gauss_3,Gauss_4,Gauss_fit
117.0,0.4780778694816422,0.48280794169294083,-0.010139562266506807,6.678733561860242e-07,5.192519236347238e-58,0.49294683608609147,4.949136063504759e-98,0.49294750395944764
117.5,0.47844812928544145,0.48317820149674007,-0.005783869609747916,1.22015651644832e-06,4.348683840312591e-56,0.48896085094997155,5.82640813955612e-96,0.488962071106488
118.0,0.47691475927692806,0.4816448314882267,-0.002722056257061678,2.187555949718551e-06,3.2506952975879606e-54,0.48436470018933864,6.255415688139477e-94,0.48436688774528835
118.5,0.46976469370032536,0.474494765911624,-0.004701782061627968,3.850380370982678e-06,2.1740774044840653e-52,0.47919269759288097,6.135994026994949e-92,0.47919654797325195
119.0,0.4674830699719997,0.4722131421832983,-0.001273632092457233,6.656153341447625e-06,1.303980732760474e-50,0.4734801181224141,5.5088236756377595e-90,0.47348677427575553
119.5,0.4627451929503869,0.4674752651616855,0.00020103287395567548,1.1305465680840405e-05,7.030044551899179e-49,0.467262926822049,4.534528940366806e-88,0.46727423228772985
120.0,0.45910712535806536,0.463837197569364,0.003240801822768369,1.8874056451581148e-05,3.41433258527353e-47,0.46057752169014404,3.428008920270327e-86,0.4605963957465956
120.5,0.45450770028864745,0.4592377724999461,0.005746298250601467,3.0982465725676444e-05,1.497138417251067e-45,0.4534604917836189,2.384013095900596e-84,0.4534914742493446
121.0,0.4476712745076636,0.4524013467189622,0.006402928802428598,5.002638257185535e-05,5.93952955409592e-44,0.44594839153396176,1.527694563100101e-82,0.4459984179165336
121.5,0.4402611496094001,0.4449912218206987,0.006834207734206732,7.94821045458562e-05,2.1363887821879324e-42,0.43807753198194616,9.03470827644922e-81,0.438157014086492
122.0,0.43162097670371735,0.43635104891501597,0.0063429575984190745,0.0001243019309997909,6.981199386767666e-41,0.4298837893855971,4.9387219659284326e-79,0.4300080913165969
122.5,0.42247500658636095,0.42720507879765957,0.005611234010047761,0.00019141336286233686,2.0766551963918e-39,0.4214024314247495,2.499171344802136e-77,0.4215938447876118
123.0,0.41208759501637887,0.4168176672276775,0.003859373036556979,0.000290333174760883,5.634127659988819e-38,0.4126679610163596,1.1724709359567778e-75,0.4129582941911205
123.5,0.4017718037608732,0.4065018759721718,0.0023539961195586656,0.00043390228456413106,1.3968218534039173e-36,0.403713977568049,5.106955972246478e-74,0.40414787985261313
124.0,0.39128846515431925,0.3960185373656179,0.0008063425388240009,0.0006391394937096125,3.170390690842988e-35,0.39457305533308423,2.068195769469987e-72,0.3952121948267939
124.5,0.3810134867403361,0.3857435589516347,-0.00046128085647745287,0.0009282014204085181,6.599774596918706e-34,0.38527663838770365,7.798170293935238e-71,0.38620483980811215
125.0,0.37068148598613504,0.37541155819743366,-0.0017728158214919132,0.0013294223880802218,1.2622905564761874e-32,0.37585495163084537,2.741285082580729e-69,0.3771843740189256
125.5,0.3602832469618986,0.36501331917319724,-0.0032020000480108557,0.0018783921153992932,2.2220586072703815e-31,0.3663369271058088,8.996056363282965e-68,0.3682153192212081
126.0,0.3512322673738066,0.3559623395851052,-0.0034068169285340066,0.0026190116514187194,3.6062247691011155e-30,0.3567501448622205,2.7596256283601885e-66,0.3593691565136392
126.5,0.3418815085142383,0.34661158072553694,-0.004113657198482279,0.00360445041046937,5.404678891249453e-29,0.34712078751354986,7.923181076589724e-65,0.3507252379240192
127.0,0.33304918953722934,0.33777926174852796,-0.004592256930803396,0.004897911080388305,7.492202568869852e-28,0.33747360759894307,2.1317677836500307e-63,0.34237151867933135
127.5,0.3254948836751148,0.33022495588641343,-0.004180047528908715,0.0065730965883678,9.621852712342748e-27,0.32783190682695434,5.38144633602376e-62,0.33440500341532214
128.0,0.3186724350350531,0.3234025072463517,-0.0035292853377049682,0.008714266322773955,1.1465402873998176e-25,0.31821752626128275,1.27612596146371e-60,0.3269317925840567
128.5,0.3129311633938921,0.3176612356051907,-0.0024053803470438506,0.011415769448711957,1.2695749836953449e-24,0.3086508465035226,2.8459618212229185e-59,0.32006661595223457
129.0,0.30813289652233466,0.3128629687336333,-0.001068781302220878,0.01478095310225451,1.3083030211206946e-23,0.29915079693359964,5.975860156078118e-58,0.31393175003585416
129.5,0.30358081161703726,0.3083108838283359,-0.0003443528440670307,0.01892036358865,1.2565150794007296e-22,0.2897348730837529,1.1827472891182546e-56,0.3086552366724029
130.0,0.3007974143528267,0.3055274865641253,0.0011591356174394107,0.023949189701562706,1.1262922676270617e-21,0.28041916124512317,2.2089088507860543e-55,0.3043683509466859
130.5,0.2987476497583121,0.3034777219696107,0.002275414350081939,0.029983938183496175,9.43538848212304e-21,0.2712183694360326,3.896925168045404e-54,0.30120230761952876
131.0,0.29772305257165027,0.3024531247829489,0.003168880541888186,0.03713838034440441,7.397447995930317e-20,0.2621458638966563,6.500985139560853e-53,0.2992842442410607
131.5,0.2974302404019677,0.3021603126132663,0.003427739214258485,0.04551886308417053,5.434916940700511e-19,0.2532137103148373,1.0265828690326725e-51,0.29873257339900783
132.0,0.29864295020292103,0.30337302241421965,0.00372117010846712,0.05521913327442213,3.746758621584856e-18,0.24443271903133038,1.5360388712151543e-50,0.29965185230575253
132.5,0.3013565622099937,0.3060866344212923,0.003959263623339593,0.06631487727920779,2.4267282619129226e-17,0.23581249351874492,2.1798686381123867e-49,0.3021273707979527
133.0,0.30499709530296204,0.30972716751426066,0.0035074633209589146,0.07885822271716693,1.4785233206403794e-16,0.22736148147613466,2.9369469252737863e-48,0.30621970419330174
133.5,0.3105854081113,0.3153154803225986,0.003355969437772832,0.09287248295506678,8.484069560209178e-16,0.21908702792975815,3.7601800509698713e-47,0.31195951088482576
134.0,0.3170055177165151,0.3217355899278137,0.002392717685149537,0.10834744246331443,4.5905572504351695e-15,0.21099542977934516,4.5789788880826425e-46,0.31934287224266417
134.5,0.32500978559740196,0.3297398578087006,0.0014123862491163264,0.12523548028184509,2.344859750561352e-14,0.2030919912777157,5.308460230025997e-45,0.32832747155958425
135.0,0.3339833377653003,0.33871340997659893,-0.00011647802886993741,0.14344880802610271,1.1320171448491178e-13,0.19538107997925297,5.86398518543831e-44,0.33882988800546887
135.5,0.34490785487929027,0.3496379270905889,-0.0010863139128031718,0.16285805826367183,5.170799710138735e-13,0.1878661827392031,6.177576545116774e-43,0.35072424100339206
136.0,0.3571111585003786,0.36184123071167723,-0.002001131178975768,0.18329240049779005,2.237199359879888e-12,0.18054996139062576,6.211740890162526e-42,0.363842361890653
136.5,0.370239794364156,0.3749698665754546,-0.0030057299224748313,0.2045412887199133,9.178201977547822e-12,0.17343430776883792,5.966778679819212e-41,0.37797559649792944
137.0,0.38532494977442433,0.39005502198572295,-0.0028232369814757963,0.2263578611373099,3.5741307381577223e-11,0.16652039779414754,5.4796409474533275e-40,0.39287825896719875
137.5,0.40153551324377945,0.40626558545507807,-0.002007083789147157,0.24846392474960288,1.322475352982642e-10,0.1598087443623748,4.815006675948693e-39,0.40827266924422523
138.0,0.4181612006774333,0.4228912728887319,-0.0009643473007108772,0.2705563708949936,4.6541910231786265e-10,0.1532992488290301,4.0514863381355866e-38,0.4238556201894428
138.2,0.4244474117963584,0.42917748400765704,-0.00089259691168736,0.2793181554773732,7.593283931350427e-10,0.1507519246826428,9.384790984834261e-38,0.4300700809193444
138.4,0.43140804320452586,0.4361381154158245,-0.00010424030216915625,0.28800557448051334,1.2292169124077529e-09,0.14823678000826343,2.1592199702565586e-37,0.43624235571799364
138.6,0.4378126837662236,0.44254275597752224,0.00019154499640311462,0.2965974727530409,1.9745471567758184e-09,0.1457537362535311,4.934601545896443e-37,0.4423512109811191
138.8,0.4442650765333038,0.44899514874460245,0.0006197888257537532,0.30507265409107015,3.147552699782323e-09,0.14330270268022582,1.1202395584930136e-36,0.4483753599188487
139.0,0.45052328927263896,0.4552533614839376,0.0009598035993769183,0.3134099760764931,4.979333649887425e-09,0.14088357682873387,2.526351985564111e-36,0.45429355788456066
139.2,0.456818542088706,0.4615486143000046,0.0014639162107190629,0.3215884452969783,7.817864620838538e-09,0.13849624497444263,5.660063672940261e-36,0.46008469808928554
139.4,0.4628102854891398,0.46754035770043845,0.0018124506365186366,0.32958731230508953,1.2182867734367296e-08,0.13614058257596257,1.259834450676213e-35,0.4657279070639198
139.6,0.46861170344600334,0.47334177565730196,0.002139136420174048,0.3373861656777187,1.884433996078539e-08,0.13381645471506923,2.7860595126484734e-35,0.4712026392371279
139.8,0.4743168223525392,0.4790468945638378,0.0025581245551543064,0.3449650245464623,2.893394748893385e-08,0.1315237165282737,6.121698333176822e-35,0.4764887700086835
140.0,0.4787700933692147,0.48350016558051334,0.001933478864367233,0.35230442898452347,4.4101659690159065e-08,0.12926221362996296,1.3365272228552937e-34,0.4815666867161461
140.2,0.48380444947939455,0.48853452169069317,0.002117144773410573,0.359385527656182,6.673406586508984e-08,0.1270317825270347,2.8995300149089502e-34,0.4864173769172826
140.4,0.4879769543526528,0.49270702656395143,0.0016845131227610777,0.36619016216020234,1.0025599678347782e-07,0.12483225102499125,6.250873851014407e-34,0.49102251344119036
140.6,0.4915120322703236,0.4962421044816222,0.0008775687838384338,0.37270094752875077,1.495435770278244e-07,0.12266343862545598,1.3391722555390413e-33,0.49536453569778377
140.8,0.49550653018755514,0.5002366023988537,0.0008098756209750646,0.3789013483779049,2.2148489292154816e-07,0.12052515691508082,2.8512404225937728e-33,0.49942672677787864
141.0,0.4983747560297572,0.5031048282410558,-8.84576833064532e-05,0.3847757502442105,3.2573430547426687e-07,0.11841720994584631,6.033257714704424e-33,0.5031932859243623
141.2,0.5012480396587943,0.5059781118700929,-0.0006712841386627977,0.3903095256837334,4.7571828481203105e-07,0.11633939460673746,1.268847298473052e-32,0.5066493960087557
141.4,0.5035680654503386,0.5082981376616372,-0.0014831480447293766,0.3954890947548779,6.899646718740728e-07,0.11429150098681683,2.6523140291095624e-32,0.5097812857063666
141.6,0.5060813037124796,0.5108113759237782,-0.0017649102032384345,0.4003019795537131,9.938435995948354e-07,0.11227331272970394,5.51083153361743e-32,0.5125762861270167
141.8,0.5080246063708758,0.5127546785821744,-0.0022682031441535466,0.40473685251989533,1.421826943948766e-06,0.11028460737948863,1.1381625709347555e-31,0.5150228817263279
142.0,0.5096363360941379,0.5143664083054366,-0.0027443470887953403,0.40878357828211764,2.020393997778146e-06,0.10832515671811645,2.336709128714209e-31,0.5171107553942319
142.2,0.5116518598848984,0.516381932096197,-0.0024488955956365466,0.41243324886379795,2.851733750672801e-06,0.10639472709428491,4.769098337930888e-31,0.5188308276918335
142.4,0.5127576056469055,0.5174876778582042,-0.0026876124257432243,0.41567821212188366,3.9984181593180406e-06,0.10449307974390439,9.676473256762759e-31,0.5201752902839474
142.6,0.5137553034165293,0.5184853756278279,-0.002652258063353785,0.41851209334374667,5.569245254935789e-06,0.10261997110218007,1.9519330517164102e-30,0.5211376336911817
142.8,0.5145261070094793,0.5192561792207779,-0.0024564903398955895,0.42092980997863255,7.70647466558778e-06,0.10077515310737538,3.914690066109556e-30,0.5217126695606735
143.0,0.515237255792206,0.5199673280035046,-0.001929219722934361,0.4229275795305493,1.059469955465443e-05,0.098958373496335,7.80606232726465e-30,0.521896547726439
143.2,0.5151441565346199,0.5198742287459185,-0.0018125396504510283,0.42450292068843226,1.4471616103479336e-05,0.09716937609183385,1.547697888220378e-29,0.5216867683963695
143.4,0.5154030034686208,0.5201330756799194,-0.0009491141804145453,0.42565464781640405,1.9640962085921873e-05,0.09540790108184397,3.051245517035184e-29,0.5210821898603339
143.6,0.5144112286779343,0.5191413008892329,-0.0009417312702403313,0.4263828589716898,2.6487896984745803e-05,0.09367368529079868,5.981664044164139e-29,0.5200830321594733
143.8,0.5133875144773571,0.5181175866886557,-0.0005732904984213638,0.4266889176598034,3.549708432807521e-05,0.09196646244294561,1.1661052657875679e-28,0.5186908771870771
144.0,0.5121331280300183,0.5168632002413169,-4.54654614056027e-05,0.42657542857575687,4.7273709073907046e-05,0.09028596341789175,2.2606910566980742e-28,0.5169086657027225
144.2,0.5097482793033448,0.5144783515146434,-0.00026234021520377127,0.42604620761598383,6.256761543352435e-05,0.0886319164984298,4.3586210413266045e-28,0.5147406917298472
144.4,0.5076134437038036,0.5123435159151022,0.00015092114609327467,0.4251062464781674,8.230068008254019e-05,0.087004047610759,8.357531570604448e-28,0.5121925947690089
144.6,0.5051236566853152,0.5098537288966138,0.0005823787051479901,0.42376167219508554,0.00010759743917922019,0.08540208055720105,1.5938388801728322e-27,0.5092713501914659
144.8,0.5017157027519332,0.5064457749632318,0.0004605168854060482,0.4220197019737672,0.00013981886253665296,0.08382573724152195,3.0231842282181342e-27,0.5059852580778258
145.0,0.49829951989337246,0.503029592104671,0.0006856614718793175,0.41988859373263976,0.00018059901317347618,0.08227473788697853,5.703675616708112e-27,0.5023439306327917
145.2,0.4945012312374541,0.4992313034487527,0.0008730253096264629,0.4173775927468385,0.00023188414509302293,0.08074880124719475,1.0703630522591935e-26,0.49835827813912625
145.4,0.49001970819685214,0.49474978040815076,0.0007092871946845491,0.41449687482551506,0.0002959735779568921,0.07924764480999424,1.9980642121855835e-26,0.4940404932134662
145.6,0.4857210640837311,0.49045113629502973,0.0010471033981956923,0.41125748645478033,0.0003755614477478955,0.07777098499430579,3.7102711102668886e-26,0.48940403289683404
145.8,0.48101099469361136,0.48574106690491,0.0012774690454651627,0.4076712823459573,0.00047377817322821617,0.07631853734025934,6.853863167686229e-26,0.4844635978594448
146.0,0.4758929711795464,0.480623043390845,0.0013879356599223458,0.4037508608312224,0.0005942302070978587,0.07489001669260238,1.2595470213505344e-25,0.47923510773092265
146.2,0.47016362819086766,0.4748937004021663,0.0011580291081985106,0.39950949754754994,0.0007410363688622052,0.07348513737755565,2.302809329409524e-25,0.47373567129396776
146.4,0.4645271608292134,0.46925723304051203,0.0012736830253412545,0.3949610778453689,0.0009188587965698985,0.07210361337323204,4.188722270077913e-25,0.4679835500151708
146.6,0.4584469424032239,0.46317701461452254,0.0011789014680708698,0.39012002835069265,0.001132926322005131,0.0707451584737539,7.580544037508285e-25,0.46199811314645167
146.8,0.45229788112601765,0.4570279533373163,0.0012281709058014068,0.38500124809876,0.001389047885573848,0.06940948644718097,1.364990173314005e-24,0.45579978243151487
147.0,0.4454090648898202,0.4501391371011188,0.0007291727887501209,0.3796200396439306,0.0016936134810468194,0.0680963111873913,2.4455920652427584e-24,0.4494099643123687
147.2,0.4387785820777159,0.44350865428901454,0.000657686819561909,0.37399204053459884,0.0020535800748234553,0.0668053468600303,4.359922176634747e-24,0.4428509674694526
147.4,0.4315190699694687,0.4362491421807673,0.00010323861728289696,0.3681331555238401,0.0024764399969809266,0.06553630804266337,7.734432619313055e-24,0.4361459035634844
147.6,0.42423273540655215,0.42896280761785077,-0.0003557615754785637,0.3620594898663533,0.0029701694677180942,0.06428890985925793,1.365362110418573e-23,0.42931856919332934
147.8,0.4167760062410944,0.421506078452393,-0.0008872289025536051,0.35578728403043614,0.0035431552153928603,0.06306286810911765,2.398564746065146e-23,0.4223933073549466
148.0,0.40947227840366607,0.4142023506149647,-0.0011924964752888512,0.3493328501305262,0.004204097569322743,0.06185789939040462,4.193278405491505e-23,0.41539484709025354
148.2,0.4022064801306738,0.4069365523419724,-0.0014115682122147755,0.3427125103613155,0.004961888974504841,0.06067372121836684,7.295732978627696e-23,0.4083481205541872
148.4,0.39491471061968736,0.399644782830986,-0.0016332745690836314,0.3359425376891921,0.005825467572472437,0.05951005213840512,1.2633141659340595e-22,0.4012780574000696
148.6,0.3885489607229135,0.3932790329342121,-0.0009303242420448665,0.3290390990306976,0.0068036463114585595,0.058366611834100815,2.177183915889269e-22,0.394209357176257
148.8,0.3821285874638343,0.38685865967513294,-0.000307581647428834,0.32201820112129786,0.007904918970937475,0.05724312123032643,3.7345148509232017e-22,0.3871662413225618
149.0,0.37549262630770847,0.3802226985190071,5.051119239246615e-05,0.31489563925126096,0.009137245483782624,0.05613930259157104,6.375914541882034e-22,0.3801721873266146
149.2,0.3693573018079763,0.37408737401927494,0.0008377254050751515,0.3076869490188452,0.010507819979761064,0.05505487961559353,1.0835121934377822e-21,0.3732496486141998
149.4,0.3631783609719468,0.3679084331832454,0.0014886684193940458,0.3004073612248699,0.012022826016448931,0.05398957752253252,1.8328285006853736e-21,0.36641976476385135
149.6,0.3568839245597871,0.36161399677108574,0.001911929161970527,0.29307176000695245,0.013687184462571602,0.05294312313959115,3.0861722064655315e-21,0.3597020676091152
149.8,0.35106362551825376,0.3557936977295524,0.002679508055830837,0.2856946442866073,0.015504300405701112,0.051915244981413165,5.1729974974249276e-21,0.35311418967372155
150.0,0.34418244635551865,0.34891251856681726,0.0022409364406217325,0.27829009257818416,0.017475816221738508,0.05090567332627289,8.631803644974945e-21,0.34667158212619553
150.5,0.3295239250738661,0.3342539972851647,0.0029746912253109103,0.2597469144621022,0.023072309758967985,0.04846008183878361,3.044383266883274e-20,0.3312793060598538
151.0,0.3149196186779128,0.3196496908892114,0.002654941324123916,0.24131539050115394,0.029556254515617716,0.04612310454831584,1.0445207012920051e-19,0.3169947495650875
151.5,0.30073761700277746,0.3054676892140761,0.0016440870101871452,0.22317393383218076,0.03675897902320235,0.0438906893485058,3.487833879281162e-19,0.30382360220388893
152.0,0.28738031951609466,0.2921103917273933,0.0004629978653614697,0.20547867422080301,0.04440985010268137,0.041758869538547426,1.1339995525804807e-18,0.2916473938620318
152.5,0.2746654608271743,0.2793955330384729,-0.0008390872562373253,0.18836277296639636,0.052148079164342526,0.03972376816397135,3.5915508008362105e-18,0.28023462029471025
153.0,0.2635270558387242,0.26825712805002283,-0.0010102318090367546,0.17193639793709567,0.059549360308568784,0.03778160161339513,1.1085449308293765e-17,0.2692673598590596
153.5,0.251966337696473,0.2566964099077716,-0.0016844528752627541,0.15628727252499178,0.0661649077272493,0.03592868253079325,3.335902615789185e-17,0.25838086278303435
154.0,0.2401208116065351,0.2448508838178337,-0.0023600506246473363,0.14148170458343834,0.07156780775903133,0.03416142210001126,9.791413738464984e-17,0.24721093444248105
154.5,0.22826341097603964,0.23299348318733826,-0.002448663480540625,0.12756599856652712,0.07539981634595697,0.032476331755394536,2.804330927253696e-16,0.23544214666787888
155.0,0.2157040788366506,0.22043415104794922,-0.002415320928381176,0.11456815547134006,0.07741129213543942,0.03087002436955014,7.840459339300005e-16,0.2228494719763304
155.5,0.20243590375322223,0.20716597596452085,-0.002161014424545832,0.10249977002976073,0.07748800539288438,0.02933921496641944,2.1406984247227956e-15,0.20932699038906669
156.0,0.18914922215355476,0.19387929436485338,-0.0010203425640924468,0.09135804211637404,0.07566087380752975,0.027880721005036323,5.71006975562335e-15,0.19489963692894582
156.5,0.17470080080732753,0.17943087301862615,-0.0002861282660456266,0.08112782875306594,0.07209771025499812,0.026491462276592815,1.488560197221191e-14,0.17971700128467177
157.0,0.16046324000257012,0.16519331221386874,0.0011620446173664922,0.07178367367142217,0.06707913347029514,0.025168460454747004,3.793975821422526e-14,0.16403126759650224
157.5,0.14586975520805487,0.1505998274193535,0.002435990368731683,0.06329176249205933,0.06096323622197396,0.023908838336493928,9.457732609397604e-14,0.1481638370506218
158.0,0.13169287594441506,0.13642294815571368,0.00395639244275045,0.05561176264387502,0.05414497426046723,0.0227098188083903,2.306758191584068e-13,0.13246655571296323
158.5,0.11710978279060948,0.1218398550019081,0.004556239688963723,0.04869851773009069,0.04701637401181431,0.021568723570488696,5.506746622587877e-13,0.11728361531294437
159.0,0.10228798347068944,0.10701805568198806,0.0040988141107232146,0.04250357581329546,0.039932694108692754,0.02048297164798952,1.2871191002018068e-12,0.10291924157126485
159.5,0.08839668984765722,0.09312676205895584,0.003512173650666514,0.03697653980255068,0.03318797088441037,0.019450077718381652,2.9466116917293158e-12,0.08961458840828933
160.0,0.0746838750972839,0.07941394730858252,0.0018786763127936063,0.03206623563896868,0.027001385070510486,0.01846765027970045,6.609290759311556e-12,0.07753527099578891
160.5,0.061990304043879216,0.06672037625517784,-4.874928564729819e-05,0.02772170023014024,0.02151403561265988,0.017533389683495243,1.4529786009011855e-11,0.06676912554082513
161.0,0.05089883446452845,0.05562890667582707,-0.001703484583746119,0.023892996083374248,0.0167943090907107,0.016645086054171386,3.1316849097627997e-11,0.057332391259573186
161.5,0.04110741709303176,0.04583748930433038,-0.003344232419534715,0.020531863390537673,0.012849241152590266,0.015800617114538233,6.619892610791439e-11,0.0491817217238651
162.0,0.032423292071737164,0.037153364283035784,-0.005075880007097577,0.017592223019868364,0.009639075197305278,0.014997945935677288,1.3728243533716544e-10,0.04222924429013336
162.5,0.025159044292439744,0.029889116503738364,-0.006469061205207995,0.01503054559466599,0.0070925132072784626,0.014235118627615772,2.7938613112244457e-10,0.03635817770894636
163.0,0.019457242235163444,0.024187314446462063,-0.0072497954711368134,0.012806102722341629,0.005120744651334153,0.013510261985770584,5.58152509234812e-10,0.03143710991759888
163.5,0.013982530243109956,0.018712602454408575,-0.008619143066731602,0.01088111662206709,0.0036290466974370603,0.012821581106699098,1.0949369290212567e-09,0.027331745521140177
164.0,0.0103797262267241,0.015109798438022718,-0.008803805835864159,0.009220824025111282,0.002525421153619194,0.01216735698535656,2.1097998433083444e-09,0.023913604273886876
164.5,0.007313591212352396,0.012043663423651013,-0.009022026652502735,0.007793469420765479,0.0017262725563220627,0.01154594410481974,3.994246467944465e-09,0.021065690076153748
165.0,0.004817964641316608,0.009548036852615226,-0.009137475192415532,0.0065702416123376555,0.001159494972631829,0.010955768028274226,7.431787047620247e-09,0.018685512045030758
165.5,0.0029933249182852047,0.007723397129583823,-0.008962630424510707,0.005525166237429543,0.0007655247209747096,0.010395323001991256,1.3593699018965097e-08,0.01668602755409453
166.0,0.0009954757363774594,0.0057255479476760775,-0.009269575193653337,0.004634965484197825,0.000496963629643303,0.009863169577021954,2.445046633236103e-08,0.014995123141329414
166.5,7.216629807112414e-05,0.004802238509369742,-0.008751958443769702,0.0038788947742983445,0.00031732666518395055,0.00935793225641779,4.325723935973863e-08,0.013554196953139443
167.0,-0.0008711880392157615,0.003858884172082856,-0.008457415803760946,0.003238564742142678,0.00019936276450199924,0.008878297173937453,7.529526167280057e-08,0.012316299975843803
167.5,-0.0018402701882918896,0.002889802023006728,-0.008354366785502963,0.0026977554632418963,0.0001232745545496248,0.00842300980941792,1.2898130025225873e-07,0.011244168808509692
168.0,-0.002340950059921676,0.0023891221513769414,-0.007919242882411285,0.0022422286034315246,7.504619110620886e-05,0.007990872745272742,2.1749397775013648e-07,0.010308365033788226
168.5,-0.0029537490462065025,0.0017763231650921151,-0.0077093160139411945,0.0018595419963871858,4.499260571082167e-05,0.007580743467921964,3.6110901333739985e-07,0.00948563917903331
169.0,-0.003064546740400487,0.0016655254708981306,-0.007092040312819811,0.0015388701206588303,2.657296271083493e-05,0.007191532217359698,5.904829885786274e-07,0.008757565783717941
169.5,-0.0033747688956852866,0.001355303315613331,-0.0067541458587710886,0.0012708330436687247,1.546506922760231e-05,0.006822199887518574,9.511739695177909e-07,0.00810944917438442
170.0,-0.003973969507027745,0.0007561027042708723,-0.006773370219469913,0.0010473356271757828,8.871585286446443e-06,0.0064717559795923075,1.5097316862482324e-06,0.007529472923740785
170.5,-0.003893441170014912,0.0008366310412837056,-0.006171423195695532,0.000861418140758123,5.01776396865236e-06,0.006139256610029289,2.361722223172868e-06,0.007008054236979238
171.0,-0.004323089269458377,0.0004069829418402405,-0.006130379566517267,0.000707118898045473,2.7989736332540923e-06,0.005823802574501381,3.6420621773995117e-06,0.006537362508357508
171.5,-0.004360864059536037,0.000369208151762581,-0.0057417566609039026,0.0005793491039741582,1.5402270628218394e-06,0.005524537468786847,5.538012842655586e-06,0.0061109648126664836
172.0,-0.004394808760959092,0.0003352634503395258,-0.0053883036396867616,0.0004737797684340387,8.363416273864789e-07,0.005240645867176434,8.305112788427694e-06,0.005723567090026287
172.5,-0.0046243392621608094,0.00010573294913780815,-0.005265093332370199,0.00038674029020716624,4.4823861990468504e-07,0.004971351558717591,1.2286193963346026e-05,0.005370826281508007
173.0,-0.004197124692326195,0.000532947518972423,-0.004516267053645959,0.0003151281331518799,2.3717721126781996e-07,0.004715915841349534,1.793342090570073e-05,0.005049214572618382
173.5,-0.004730072211298618,0.0,-0.004755921706757692,0.00025632889285866705,1.2393224059174193e-07,0.004473635873748656,2.5833007909777063e-05,0.004755921706757692
174.0,-0.0044572034369845855,0.00027286877431403206,-0.004215916157668645,0.00020814597605880327,6.396624665089703e-08,0.004243843084499049,3.673190517817379e-05,0.004488784931982677
174.5,-0.0047109867578653646,1.9085453433253033e-05,-0.004227153193391769,0.0001687390774930982,3.2619575177780295e-08,0.004025901638021884,5.1565311734861976e-05,0.004246238646825022
175.0,-0.004678230134598739,5.184207669987895e-05,-0.003975435341543792,0.00013657063144222872,1.6438809112429576e-08,0.003819206956540243,7.148339145208692e-05,0.004027277418243671
175.5,-0.004134265714117798,0.0005958064971808199,-0.003235620492475242,0.00011035943049526063,8.188963334125428e-09,0.0036231842972198813,9.787507297758561e-05,0.0038314269896560617
176.0,-0.004184050105788844,0.0005460221055097738,-0.0031126962986451857,8.904063628659271e-05,4.0332404172728275e-09,0.003437287383508766,0.00013238635111918347,0.0036587184041549595
176.5,-0.00428032670240332,0.00044974550889529796,-0.0030599151291625815,7.173145077913957e-05,1.964464621255298e-09,0.0032609970895988868,0.00017693013321523203,0.0035096606380578795
177.0,-0.0040027505148401525,0.0007273216964584651,-0.002657885647271821,5.7701768057320965e-05,9.46445893967815e-10,0.003093820176850333,0.00023368445237673786,0.003385207343730286
177.5,-0.003941736118116878,0.0007883360931817398,-0.002498377484855285,4.634918219147672e-05,4.5113206660731674e-10,0.0029352880809479756,0.0003050758637655057,0.0032867135780370246
178.0,-0.003690636858380364,0.0010394353529182537,-0.0021764434989789147,3.717778394533625e-05,2.1279484374352883e-10,0.002784955748505093,0.0003937451066518954,0.0032158788518971684
178.5,-0.0030793615936227136,0.001650710617675904,-0.001523962934158728,2.9780235941959603e-05,9.934808943334556e-11,0.0026424005217839507,0.0005024926947606323,0.003174673551834632
179.0,-0.002466234829575815,0.0022638373817228026,-0.0009014094128421833,2.3822670927060748e-05,4.591862349857577e-11,0.002507221070169609,0.0006342030075496927,0.003165246794564986
179.5,-0.0023566446659341726,0.002373427545364445,-0.0008163875347536355,1.903200995101528e-05,2.1015389478985153e-11,0.0023790363670084845,0.0007917466821431912,0.0031898150801180805
180.0,-0.0015196109859978142,0.0032104612253008036,-4.007144172908867e-05,1.518534596291467e-05,9.525593209511718e-12,0.0022574847104082398,0.0009778626011331445,0.0032505326670298922
180.5,-0.0016340540684762826,0.003096018142822335,-0.00025332818190707505,1.2101083081649231e-05,4.2769863314318315e-12,0.0021422227865864935,0.001195022450784281,0.00334934632472941
181.0,-0.001368176694680907,0.0033618955166177106,-0.00012594339197851204,9.631562507431246e-06,1.902649004357572e-12,0.0020329247743551024,0.00144528256983104,0.0034878389085962226
181.5,-0.0011933998867143165,0.003536672324584301,-0.00013039558648155706,7.65694265356413e-06,8.387581456263143e-13,0.0019292814893307252,0.0017301294782428108,0.003667067911065858
182.0,-0.0002577715782941449,0.004472300633004473,0.0005848940209134089,6.080133724091183e-06,3.664822216144256e-13,0.0018309995664723324,0.0020503269115281584,0.003887406612091064
182.5,-5.4035792173659725e-05,0.0046760364191249576,0.0005276398897702895,4.822615833632975e-06,1.5874007348854198e-13,0.0017378006795604286,0.0024057732338018663,0.004148396529354668
183.0,0.000296586619193114,0.005026658830491732,0.0005780384153906189,3.820995111822371e-06,6.817352918532568e-14,0.0016494207962509757,0.002795378623670141,0.004448620415101113
183.5,7.795312978770371e-05,0.004808025341086321,2.24203832712936e-05,3.024174339109886e-06,2.9034689048238464e-14,0.0015656094673586647,0.0032169713160882184,0.0047856049578150275
184.0,0.0008000925364930328,0.00553016474779165,0.00037440318181918356,2.391033820938062e-06,1.226495941519494e-14,0.0014861291490485598,0.003667241383090704,0.005155761565972467
184.5,0.001527793824767652,0.00625786603606627,0.0007034938984198033,1.8885347225857e-06,5.1396862214004715e-15,0.0014107545566422693,0.004141729046276472,0.005554372137646466
185.0,0.0016241851561762091,0.006354257367474827,0.000378632752025777,1.4901712486378648e-06,2.136984561170006e-15,0.001339272048773789,0.004634862395424486,0.00597562461544905
185.5,0.0017200737223703622,0.00645014593366898,3.744542111856503e-05,1.1747101358424337e-06,8.817224962922047e-16,0.001271479040660762,0.005140046761752929,0.006412700512550415
186.0,0.0023019440004290108,0.007032016211727629,0.00017410256638240515,9.251661940872528e-07,3.6107585463398703e-16,0.0012071834452892245,0.005649805033861551,0.006857913645345224
186.5,0.002642788884615612,0.007372861095914229,6.996486352944722e-05,7.279713141734915e-07,1.4678104583116618e-16,0.0011462031413427747,0.006155965119727687,0.007302896232384782
187.0,0.0031161311132205825,0.0078462033245192,0.00010737777710642573,5.723016774842924e-07,5.923990198065627e-17,0.0010883654667412025,0.006649887778994027,0.0077388255474127735
187.5,0.003640464031085679,0.008370536242384296,0.00021385456713210113,4.495340437024714e-07,2.3740953426309212e-17,0.0010335067366881398,0.007122725404520329,0.008156681675252195
188.0,0.003579059652589774,0.008309131863888392,-0.00023839295514816068,3.5280712888004876e-07,9.449023936114169e-18,0.0009814717851618217,0.007565700226745842,0.008547524819036553
188.5,0.003949533395392587,0.008679605606691204,-0.0002231736040381148,2.7666836733913734e-07,3.735468495178487e-18,0.0009321135288184713,0.007970389013543504,0.008902779210729319
189.0,0.004200966890113102,0.00893103910141172,-0.0002834709914223566,2.16789907950638e-07,1.4670192103728651e-18,0.0008852925523123238,0.0083290007506138,0.009214510092834076
189.5,0.004693388602218585,0.009423460813517203,-5.221969757277477e-05,1.6974064174171137e-07,5.724285521623185e-19,0.0008408767140714719,0.008634634056376763,0.009475680511089978
190.0,0.0052721908979737496,0.010002263109272366,0.0003218873482649671,1.3280349124801496e-07,2.219538279911958e-19,0.0007987407716030467,0.008881502185913104,0.0096803757610074
190.5,0.00554822069414984,0.010278292905448457,0.0004543077294576689,1.038291962596467e-07,8.55302827824116e-20,0.0007587660254353517,0.009065115321359177,0.009823985175990788
191.0,0.005215442281263045,0.009945514492561662,4.218110537531489e-05,8.111947693026692e-08,3.276062012766658e-20,0.0007208399808383725,0.009182412286871045,0.009903333387186347
191.5,0.005264038336518293,0.00999411054781691,7.735450783912662e-05,6.333380409865527e-08,1.2474331106923881e-20,0.0006848560264969291,0.009231836679676756,0.009916756039977784
192.0,0.0052096732371009905,0.009939745448399609,7.56274377873966e-05,4.94151091532317e-08,4.7225045439302166e-21,0.000650713129343342,0.009213355466159718,0.009864118010612212
192.5,0.005187859432136444,0.009917931643435062,0.00017115642838383578,3.853066475267408e-08,1.7777615386665094e-21,0.0006183155447880202,0.009128421139598454,0.009746775215051226
193.0,0.005206096497559235,0.009936168708857853,0.0003686847691685702,3.0025099115038146e-08,6.655423800692929e-22,0.0005875725416175417,0.008979881372972627,0.009567483939689283
193.5,0.00499796624520079,0.009728038456499407,0.00039777437959523203,2.3383100358635027e-08,2.478181753484705e-22,0.0005583981408598067,0.00877184255294401,0.009330264076904175
194.0,0.00455640232644041,0.009286474537739026,0.0002462499536939316,1.8199848417578775e-08,9.179077645531036e-23,0.0005307108679452988,0.008509495516251379,0.009040224584045095
194.5,0.0040231935647698815,0.008753265776068499,4.99049600575039e-05,1.4157600987576614e-08,3.3824056637950147e-23,0.0005044335175220108,0.008198913140887996,0.008703360816010995
195.0,0.00342776407839753,0.008157836289696147,-0.00016849778263830321,1.100717381474065e-08,1.2401223188617241e-23,0.000479492930309214,0.007846830134851423,0.00832633407233445
195.5,0.0030785061232251666,0.007808578334523784,-0.00010766542639882928,8.5533084445978e-09,4.524453008628872e-24,0.0004558197814020944,0.007460415426212074,0.007916243760922613
196.0,0.002440355513232577,0.007170427724531195,-0.000309974341407465,6.643123812841354e-09,1.6427824479833157e-24,0.0004333483794651481,0.007047047043349699,0.00748040206593866
196.5,0.002048310475767699,0.0067783826870663165,-0.0002477373171792087,5.15701121041022e-09,5.936839148683777e-25,0.00041201647627735704,0.0066140983709569575,0.007026120004245525
197.0,0.0012761900749814997,0.006006262286280118,-0.0005542500882278721,4.0014628920224676e-09,2.135697701631134e-25,0.00039176508611625174,0.006168743286928846,0.00656051237450799
197.5,0.000554945087283923,0.00528501729858254,-0.0008053101706878493,3.103429191609952e-09,7.648578820688399e-26,0.00037253831449132437,0.005717786051349874,0.0060903274692703895
198.0,8.546073670123125e-05,0.004815532947999849,-0.000806272711005594,2.405882558287706e-09,2.727247675047733e-26,0.0003542831957597086,0.005267520057363176,0.005621805659005443
198.5,-0.00011596267702606704,0.004614109534272551,-0.0005464596526467474,1.8643335669860685e-09,9.683155234213244e-27,0.0003369495391786113,0.00482361778340712,0.005160569186919298
199.0,-0.000473021225677437,0.00425705098562118,-0.0004544928524729628,1.4440970344418522e-09,3.4237538200566916e-27,0.00032048978296979536,0.004391052611027313,0.004711543838094143
199.5,-0.0011335970071877823,0.003596475204110835,-0.0006824364460669028,1.1181485858349078e-09,1.2056619906133377e-27,0.00030485885599133025,0.003974051676037821,0.004278911650177738
200.0,-0.0016561566299890212,0.0030739155813095964,-0.0007921769947614944,8.654455477099765e-10,4.228918850363681e-28,0.0002900140466309764,0.003576077663994567,0.003866092576071091
200.5,-0.0017947034506599444,0.0029353687606386734,-0.0005403832682291153,6.696126408359569e-10,1.4775986337879922e-28,0.0002759148785540054,0.0031998364807011423,0.0034757520288677887
201.0,-0.0019500750123504476,0.0027799971989481698,-0.0003298333509486281,5.179140190907259e-10,5.14338275582154e-29,0.0002625229929557791,0.002847307039027,0.003109830549896798
201.5,-0.002210204032270925,0.0025198681790276926,-0.0002497232572585993,4.004498749798648e-10,1.7838060075418804e-29,0.0002498020369863507,0.0025197889988500663,0.002769591436286292
202.0,-0.0023949220767274706,0.002335150134571147,-0.00012053188817368098,3.0952901139467356e-10,6.1644353156156934e-30,0.00023771755803046372,0.002217964155185353,0.002455682022744828
202.5,-0.0022607396597587406,0.002469332551539877,0.0003011281527103729,2.3917918366642074e-10,2.122881150460909e-30,0.0002262369035418056,0.001941967256108515,0.002168204398829504
203.0,-0.0023053826549100645,0.002424689556388553,0.0005178979407949365,1.8476522100088488e-10,7.285911616742042e-31,0.00021532912614512202,0.0016914623046832735,0.0019067916155936166
203.5,-0.0024348157870279982,0.0022952564242706194,0.0006245705760072598,1.4269140007480978e-10,2.4923350658226617e-31,0.00020496489373393476,0.0014657208118380248,0.0016706858482633596
204.0,-0.002554211339992154,0.0021758608713064636,0.000717045382795939,1.1016963029094574e-10,8.498281170067875e-32,0.0001951164043051043,0.00126369897403579,0.0014588154885105246
204.5,-0.0027338586886356663,0.0019962135226629513,0.0007263448247715311,8.503900930597739e-11,2.8886511304257535e-32,0.00018575730528433006,0.0010841113075680808,0.0012698686978914202
205.0,-0.0027643313397458886,0.001965740871552729,0.0008633793464411727,6.562544850234156e-11,9.788924733646605e-33,0.00017686261710901102,0.0009254988423770969,0.0011023615251115563
205.5,-0.002694684774249907,0.0020353874370487106,0.001080688194630587,5.0632532899672064e-11,3.3074000853718515e-33,0.00016840866084658307,0.0007862905309390075,0.0009546992424181235
206.0,-0.0026787437702516246,0.002051328441046993,0.0012260983748054938,3.905671245363183e-11,1.1142577791687934e-33,0.0001603729896376442,0.0006648570375471425,0.0008252300662414992
206.5,-0.0023491864825709455,0.002380885728727672,0.0016685948516975404,3.01214354489971e-11,3.743402870968857e-34,0.00015273432376384572,0.0005595565231448506,0.0007122908770301318
207.0,-0.002584045041076074,0.0021460271702225435,0.0015317822375718261,2.322601948825102e-11,1.2541907355533125e-34,0.000145472489150652,0.000468772420274046,0.0006142449326507175
207.5,-0.0028591073491461374,0.0018709648621524802,0.0013414529878067317,1.7905982150395514e-11,4.190929275144172e-35,0.0001385683591247856,0.00039094349731498074,0.0005295118743457485
208.0,-0.00264215666356562,0.0020879155477329975,0.0016313249931237327,1.380227746230496e-11,1.396818040058108e-35,0.0001320037992553312,0.00032458674155165615,0.0004565905546092648
208.5,-0.0027523514480684618,0.001977720763230156,0.0015836453863441928,1.0637449721014211e-11,4.643918411837972e-36,0.0001257616151162858,0.0002683137511322275,0.000394075376885963
209.0,-0.002465359162651264,0.0022647130486473537,0.0019240461137524753,8.197157381306998e-12,1.5401978297719435e-36,0.00011982550281664864,0.00022084142388107246,0.00034066693489487847
209.5,-0.00271325416489191,0.0020168180464067076,0.001721640262877756,6.315863730237777e-12,5.096206489202043e-37,0.00011418000215208783,0.00018099777506099993,0.0002951777835289515
210.0,-0.002506786193691412,0.0022232860176072057,0.0019667518442019697,4.865759129366168e-12,1.6823911944954353e-37,0.00010881045223977018,0.0001477237162997066,0.0002565341734052359
210.5,-0.0023095585192476928,0.002420513692050925,0.002196739145018172,3.7481883482140785e-12,5.541748058574933e-38,0.00010370294950509735,0.00012007159377946705,0.00022377454703275274
211.0,-0.002525817845348404,0.0022042543659502134,0.0020082088304234887,2.8870189625699333e-12,1.8215296394115944e-38,9.884430789592507e-05,9.72012247437807e-05,0.00019604553552672474
211.5,-0.0024923770228927077,0.00223769518840591,0.0020650990691769263,2.223513138681549e-12,5.974818719733927e-39,9.42220212063027e-05,7.837409579916755e-05,0.0001725961192289834
212.0,-0.002380618721993024,0.0023494534893055935,0.0021966829585600635,1.7123633353859437e-12,1.9558750716412862e-39,8.982422739793661e-05,6.294630163523009e-05,0.00015277053074553003
212.5,-0.002561588617845975,0.0021684835934526426,0.0020324832026896314,1.3186287537820256e-12,6.390189784923473e-40,8.563967481341204e-05,5.036071463097033e-05,0.00013600039076301114
213.0,-0.002552991567399694,0.0021770806438989234,0.002055284163646416,1.0153686056885374e-12,2.083869761470794e-40,8.165769018076952e-05,4.0138789056369276e-05,0.0001217964802525074
213.5,-0.0024787059218086102,0.0022513662894900074,0.002141625818701751,7.818142467518794e-13,6.783268335951175e-41,7.786814831428755e-05,3.187232169215489e-05,0.00010974047078825668
214.0,-0.002458337469604445,0.0022717347416941727,0.0021722578816144905,6.019578810100791e-13,2.2041746813311885e-41,7.426144342133246e-05,2.521541605639189e-05,9.947686007968223e-05
214.5,-0.0022892125378817367,0.002440859673416881,0.002350154379546522,4.634631914358671e-13,7.150199124390279e-42,7.082846192987524e-05,1.9876831477020527e-05,9.070529387035896e-05
215.0,-0.002277456447426896,0.0024526157638717215,0.0023694423651187397,3.568246762345037e-13,2.3156955590771213e-42,6.756055675578253e-05,1.5612841640374726e-05,8.317339875298194e-05
215.5,-0.0022194692345588116,0.002510602976739806,0.002433932773509274,2.747190665713772e-13,7.4879275930554e-43,6.44495229332546e-05,1.2220680022558068e-05,7.667020323053174e-05
216.0,-0.001979458212425412,0.0027506139988732058,0.0026795938127590073,2.1150505106564924e-13,2.4175968212376355e-43,6.148757453583638e-05,9.532611366856987e-06,7.102018611419841e-05
216.5,-0.0018809557382588132,0.0028491164730398044,0.0027830385116694393,1.6283747742078755e-13,7.794225734544269e-44,5.8667322819269565e-05,7.410638388257922e-06,6.607796137036496e-05
217.0,-0.0020220998387409195,0.002707972372557698,0.0026462487866550175,1.2536989556076345e-13,2.5093042944407986e-44,5.5981755521099924e-05,5.741830256210922e-06,6.172358590268075e-05
217.5,-0.00152500238173199,0.0032050698295666277,0.003147211369088919,9.652525690591071e-14,8.067684422618358e-45,5.3424217255394626e-05,4.434243125788555e-06,5.785846047770844e-05
218.0,-0.0016483342528458608,0.0030817379584527566,0.0030273361754001877,7.431918451147051e-14,2.590498050734289e-45,5.098839094421673e-05,3.4133920340327792e-06,5.440178305256869e-05
218.5,-0.0015973270158869987,0.003132745195411619,0.0030814576882550585,5.722378386564754e-14,8.30767719995193e-46,4.8668280230593e-05,2.6192268687434657e-06,5.128750715656025e-05
219.0,-0.001578737532594818,0.0031513346787037993,0.0031028729238960096,4.406271071278918e-14,2.6610971180265537e-46,4.6458192820653746e-05,2.00356194307313e-06,4.8461754807789584e-05
219.5,-0.0014818932617207136,0.003248178949577904,0.003202298316677001,3.393033354872653e-14,8.514301288433327e-47,4.4352724705417236e-05,1.527908161555257e-06,4.588063290090282e-05
220.0,-0.0011412367468812286,0.003588835464417389,0.0035453270610337367,2.6129466302121994e-14,2.7212379407360464e-47,4.234674521532099e-05,1.161658142201876e-06,4.350840338365233e-05
